PatientID,Age,Gender,DailyStepCount,HeartRate_Min,HeartRate_Max,HeartRate_Avg,SleepDuration_Hours,SleepQualityScore,StressIndex,FallAlerts,CalorieBurn,WeeklyHealthScore,AgeGroup,ActivityLevel,SleepCategory,HeartRate_Range,StressLevel,HealthCategory,Risk_Score,RiskCategory,Cluster,Cluster_Label
P1000,56,Female,7675,54,110,66,9.0,83,62,1,3282,99,50-59,Moderate,Good,56,Moderate,Excellent,35.00318403735937,Medium Risk,1,Moderate Risk - General Monitoring
P1001,69,Male,2161,59,157,92,8.8,67,67,0,1757,94,60-69,Sedentary,Good,98,Moderate,Excellent,66.12184249628527,High Risk,1,Moderate Risk - General Monitoring
P1002,78,Female,6297,56,154,87,6.8,69,58,0,1996,60,70-79,Moderate,Fair,98,Moderate,Fair,71.76820208023774,High Risk,3,High Risk - Needs Intervention
P1003,64,Female,2995,64,127,96,8.4,68,61,0,2395,78,60-69,Sedentary,Good,63,Moderate,Good,72.30948843133092,High Risk,1,Moderate Risk - General Monitoring
P1004,60,Male,9629,63,124,97,4.9,85,45,0,1659,85,60-69,Moderate,Poor,61,Moderate,Good,32.32859265548716,Medium Risk,0,Moderate Risk - General Monitoring
P1005,57,Male,11467,56,138,65,5.4,92,69,0,2998,74,50-59,Active,Poor,82,Moderate,Fair,42.740394820632574,Medium Risk,0,Moderate Risk - General Monitoring
P1006,78,Male,3016,60,132,83,7.5,45,44,0,2351,70,70-79,Sedentary,Good,72,Moderate,Fair,71.9327106771386,High Risk,1,Moderate Risk - General Monitoring
P1007,70,Male,9869,58,100,66,8.2,74,43,0,3187,85,70-79,Moderate,Good,42,Moderate,Good,21.237529187009123,Low Risk,2,Moderate Risk - General Monitoring
P1008,56,Male,8439,64,156,90,8.3,99,32,1,3431,59,50-59,Moderate,Good,92,Low,Poor,48.72638505625132,Medium Risk,2,Moderate Risk - General Monitoring
P1009,75,Male,9892,64,126,96,6.0,80,79,0,2189,86,70-79,Moderate,Fair,62,High,Good,45.26109106346847,Medium Risk,3,High Risk - Needs Intervention
P1010,68,Male,8863,59,156,70,8.4,76,26,0,3198,58,60-69,Moderate,Good,97,Low,Poor,38.51623859053279,Medium Risk,2,Moderate Risk - General Monitoring
P1011,72,Male,9916,59,151,96,8.3,63,76,0,1879,73,70-79,Moderate,Good,92,High,Fair,47.78709403523667,Medium Risk,3,High Risk - Needs Intervention
P1012,60,Female,10529,61,112,68,8.7,68,55,0,3068,84,60-69,Active,Good,51,Moderate,Good,23.572489917215027,Low Risk,2,Moderate Risk - General Monitoring
P1013,60,Female,2878,62,140,75,7.9,88,64,0,3452,98,60-69,Sedentary,Good,78,Moderate,Excellent,59.92888983230736,High Risk,1,Moderate Risk - General Monitoring
P1014,73,Male,11268,52,102,81,7.3,85,39,0,2456,84,70-79,Active,Good,50,Low,Good,14.87476119719805,Low Risk,2,Moderate Risk - General Monitoring
P1015,70,Female,6887,64,138,88,6.9,92,84,0,2190,97,70-79,Moderate,Fair,74,High,Excellent,52.71704521333048,High Risk,1,Moderate Risk - General Monitoring
P1016,53,Female,6859,56,105,69,5.9,70,27,0,2950,85,50-59,Moderate,Poor,49,Low,Good,34.82275525366163,Medium Risk,0,Moderate Risk - General Monitoring
P1017,57,Female,8331,50,107,98,8.7,74,35,0,3136,67,50-59,Moderate,Good,57,Low,Fair,38.15538102313734,Medium Risk,2,Moderate Risk - General Monitoring
P1018,73,Female,10571,53,126,70,8.9,99,33,0,2791,98,70-79,Active,Good,73,Low,Excellent,0.0,Low Risk,2,Moderate Risk - General Monitoring
P1019,52,Male,10684,62,108,86,5.4,72,95,1,3358,88,50-59,Active,Poor,46,High,Good,54.85565697304181,High Risk,0,Moderate Risk - General Monitoring
P1020,71,Female,9208,53,136,75,5.5,91,34,0,3100,81,70-79,Moderate,Poor,83,Low,Good,30.317342390150717,Medium Risk,2,Moderate Risk - General Monitoring
P1021,70,Male,7276,63,132,80,6.4,60,85,0,2940,73,70-79,Moderate,Fair,69,High,Fair,71.61430694120145,High Risk,3,High Risk - Needs Intervention
P1022,51,Female,4062,54,150,97,6.2,71,51,0,2691,72,50-59,Sedentary,Fair,96,Moderate,Fair,71.95393759286776,High Risk,0,Moderate Risk - General Monitoring
P1023,73,Female,2064,56,141,73,9.0,62,82,0,3365,81,70-79,Sedentary,Good,85,High,Good,84.41413712587563,Critical Risk,1,Moderate Risk - General Monitoring
P1024,61,Female,10006,56,143,70,4.9,72,70,0,2566,86,60-69,Active,Poor,87,High,Good,42.798768838887696,Medium Risk,0,Moderate Risk - General Monitoring
P1025,79,Male,4568,62,123,80,4.1,42,44,0,3079,61,70-79,Sedentary,Poor,61,Moderate,Fair,79.88219061770323,Critical Risk,3,High Risk - Needs Intervention
P1026,55,Female,7463,64,114,93,6.5,57,77,0,1784,98,50-59,Moderate,Fair,50,High,Excellent,46.21099554234769,Medium Risk,0,Moderate Risk - General Monitoring
P1027,51,Male,4027,60,158,67,4.9,64,82,0,1896,62,50-59,Sedentary,Poor,98,High,Fair,100.0,Critical Risk,0,Moderate Risk - General Monitoring
P1028,77,Female,4695,62,153,84,5.8,81,81,0,1511,72,70-79,Sedentary,Poor,91,High,Fair,85.57631076204626,Critical Risk,3,High Risk - Needs Intervention
P1029,70,Male,11687,53,131,83,7.7,70,41,0,3130,74,70-79,Active,Good,78,Moderate,Fair,20.611335172999365,Low Risk,2,Moderate Risk - General Monitoring
P1030,50,Female,7258,62,131,90,7.6,93,77,0,2825,84,50-59,Moderate,Good,69,High,Good,55.52430481850988,High Risk,0,Moderate Risk - General Monitoring
P1031,61,Male,7618,56,123,67,5.5,97,77,1,3421,90,60-69,Moderate,Poor,67,High,Excellent,59.71662067501592,High Risk,0,Moderate Risk - General Monitoring
P1032,75,Male,8736,60,140,83,6.7,42,68,0,2776,79,70-79,Moderate,Fair,80,Moderate,Good,49.2729781362768,Medium Risk,3,High Risk - Needs Intervention
P1033,71,Female,2391,52,151,84,6.5,79,71,0,1998,66,70-79,Sedentary,Fair,99,High,Fair,95.41498620250476,Critical Risk,3,High Risk - Needs Intervention
P1034,78,Male,7892,55,148,96,7.2,85,61,0,2253,98,70-79,Moderate,Good,93,Moderate,Excellent,33.58628741243898,Medium Risk,1,Moderate Risk - General Monitoring
P1035,61,Female,5561,61,148,71,5.3,63,89,0,1534,69,60-69,Moderate,Poor,87,High,Fair,88.94077690511567,Critical Risk,0,Moderate Risk - General Monitoring
P1036,74,Female,8184,51,157,97,6.9,89,34,0,2226,97,70-79,Moderate,Fair,106,Low,Excellent,19.30057312672469,Low Risk,1,Moderate Risk - General Monitoring
P1037,66,Female,5099,59,151,82,8.9,71,73,0,2348,74,60-69,Moderate,Good,92,High,Fair,69.36956060284442,High Risk,1,Moderate Risk - General Monitoring
P1038,76,Female,8278,62,111,65,6.4,86,79,0,1589,71,70-79,Moderate,Fair,49,High,Fair,64.7049458713649,High Risk,3,High Risk - Needs Intervention
P1039,76,Female,10392,63,138,75,8.5,61,27,0,2275,62,70-79,Active,Good,75,Low,Fair,27.483549140309904,Medium Risk,2,Moderate Risk - General Monitoring
P1040,59,Female,5104,58,101,92,6.2,62,72,0,2104,68,50-59,Moderate,Fair,43,High,Fair,80.75249416259817,Critical Risk,0,Moderate Risk - General Monitoring
P1041,77,Female,9215,54,102,89,5.8,41,79,0,3445,98,70-79,Moderate,Poor,48,High,Excellent,39.83230736573976,Medium Risk,3,High Risk - Needs Intervention
P1042,77,Female,4454,55,148,87,7.2,66,24,0,2469,85,70-79,Sedentary,Good,93,Low,Good,42.54404585013797,Medium Risk,1,Moderate Risk - General Monitoring
P1043,65,Female,10996,61,136,95,7.3,81,87,0,3125,61,60-69,Active,Good,75,High,Fair,60.09870515814052,High Risk,3,High Risk - Needs Intervention
P1044,64,Female,4731,61,148,94,8.3,41,25,0,2521,90,60-69,Sedentary,Good,87,Low,Excellent,34.70600721715134,Medium Risk,1,Moderate Risk - General Monitoring
P1045,79,Female,10154,61,155,99,5.2,65,66,0,1917,68,70-79,Active,Poor,94,Moderate,Fair,53.42284016132456,High Risk,3,High Risk - Needs Intervention
P1046,79,Male,11762,61,116,71,6.5,56,74,1,1614,61,70-79,Active,Fair,55,High,Fair,56.56442368923794,High Risk,3,High Risk - Needs Intervention
P1047,64,Male,7056,53,158,80,6.9,79,59,0,2116,58,60-69,Moderate,Fair,105,Moderate,Poor,69.5977499469327,High Risk,3,High Risk - Needs Intervention
P1048,79,Female,10110,63,148,90,7.8,72,71,0,3426,56,70-79,Active,Good,85,High,Poor,58.96306516663127,High Risk,3,High Risk - Needs Intervention
P1049,68,Female,5840,63,101,66,4.2,48,35,0,2719,77,60-69,Moderate,Poor,38,Low,Good,55.35448949267669,High Risk,0,Moderate Risk - General Monitoring
